guid,first_name,last_name,email,pw
b9bd5b73-f388-458d-bb01-a18ca3f14965,Gabbi,Petters,gpetters0@tripod.com,$2a$04$dpk6DMqJbXioPyUPxaR4TuomneSKIZSYu1H9CfWKAH1ruCuxVJPlS
1f349e10-1f48-446c-a809-aade650b1e5d,Vittoria,Groom,vgroom1@ezinearticles.com,$2a$04$eLbNGIBoe0eSSUz3gwb.rOEJT.o9XMVdvfYyP3KDy17SpINDXvApi
bc2de761-8865-42ae-a812-9d03380e53c1,Quintus,Anespie,qanespie2@about.com,$2a$04$RMjpgDN4mUSgPs2V8AQmlempcuqbmNjS1fI3k4tFND6nbpteQ987a
dc728d14-3065-4fea-a16f-12444c66b8df,Sherwynd,Ellis,sellis3@gravatar.com,$2a$04$RFao4C0bAco5QYnqORXzauDR3.y4gzabxKYygUyaCwm1YbRhu1LwO
83ca4ea0-2af5-4f82-a68a-5d3406c20e92,Jenelle,Bootton,jbootton4@disqus.com,$2a$04$Gonu5weF4PNIvKLf..SJpeC/CNSDa/44szLyz7EgLzw6Ih4sIcimC
8f3d3063-7b2c-40cd-8a63-653dcee312b7,Pooh,Chiswell,pchiswell5@yellowpages.com,$2a$04$35BHaSiDlYFnN9uzHZksP.9KXEXWQtlzjdNlEe5XlYgMb3Rl7Akhy
6439456b-f66d-45bc-8270-bbfc36d1fc4e,Dani,Attoc,dattoc6@sciencedirect.com,$2a$04$S8khwQrAyGaZya2Ge0cPzeeAkSOeYVnK5mYccbtCi9cIucXXvG0qm
7bbd4e71-3f8c-4025-9b8e-2c12f0d68910,Levey,Scoble,lscoble7@youku.com,$2a$04$AshyGr/rk68HxgfohDH4metN1Jo79gwJn2IAZP.p4gEm4E6s0Oug.
bce429d6-f6bb-4e05-8c1f-a7f661ff2499,Roberta,Ciobutaro,rciobutaro8@nbcnews.com,$2a$04$j9vzkHFFmIKRyDZR0VXob.aGUgB2Te2zbaO7ERK9EnqVPqbQFhzfS
36b50f61-b3de-483a-819f-d29f5aaea9eb,Cherri,Seath,cseath9@columbia.edu,$2a$04$NPVykazUTee0WHKlq/cAwOgFAL.OqVWvIjVyw/ZX72HO7qyj1jxsm
e5a86466-555a-4a1b-8604-1159b70ac977,Kerrill,Kerins,kkerinsa@discovery.com,$2a$04$FRphVCPKUY8z2y5cwRAwoODHu.igwJ4hqlDH0EYtHNCe3J1E0sgLu
ae438aaa-d0d9-48e0-9ec4-e9d0f377447a,Normie,Jobling,njoblingb@4shared.com,$2a$04$WTj9nt3M9GEjh3fkrYADXuLHYD3wjqpx.DTM.sMiaSvprgzbd5zMu
581b32cc-0eac-4e20-96d5-4d13c72a3300,Xerxes,Stack,xstackc@loc.gov,$2a$04$QflnEPQEljPJzePAJnWb/O.NxN7UACLegpvS9ccYrVukS6yBSzWNK
8101343c-b248-43bc-857c-8c8628135028,Marcello,Moyes,mmoyesd@msu.edu,$2a$04$ovQ4Bii1KT0tzOwrxD7jGOMUpilwMk17OauKEQD4RjOAWMuA5hTpe
e81b7f26-62b0-4585-b726-e4c494f2765d,Salomone,Byllam,sbyllame@businessinsider.com,$2a$04$a15RtM0AJTTzZcAUqQF0r.LIDEzzNIcs057kmKeJpx2U2lcyfcqbu
e3afe135-5dd5-45eb-8d18-e917eea14fc4,Sheryl,Queenborough,squeenboroughf@moonfruit.com,$2a$04$Z32GyRk6.7sN5z3IvbQ2Wu68D/owrq0qHN/IFwlX5mND49be7AkbS
47239ce2-09fc-4385-b0f7-12a681f2971c,Marcus,Avo,mavog@goodreads.com,$2a$04$RfJkKfkhcMQtPsF8dzL8ausLjXvGaGygyFAy5hN9693HtPTsIxYGi
f0d2c7b0-5216-4010-b1c8-ad3e77bfcd55,Zolly,Gaynesford,zgaynesfordh@themeforest.net,$2a$04$8f.wyVjOawMwdmYb4LR36O4XSns/3LMcEV4qDbFHLeeBb0fmJN.26
8abbf357-64fd-4072-9d8b-0d4c61e97e60,Rhea,Helliker,rhellikeri@blogger.com,$2a$04$DwVwj6IKsKqbt73ocyMXNengDM344.bloz8oeaO8Auo8BbTfJ1BvO
7f654579-9c46-4b2c-8f73-14c5d24d7a2a,Marillin,Baldwin,mbaldwinj@sakura.ne.jp,$2a$04$LFuyzHzkZHJjzXRknduZjey3lUAS7h1/ZYOTRpoeQiRWoQDXtYNEO
587defb3-9504-4543-8aed-5682194399f9,Mari,Stinchcombe,mstinchcombek@cbslocal.com,$2a$04$MqK1fC8tPnmvy5kSJxLTvOgUnOSp1vdpoxPIvkPEFTytHDMm82h/K
58dcaa97-19b2-494c-bbf7-4cf54aedbbc9,Shirline,Palia,spalial@fema.gov,$2a$04$RiMu6uZy2sC2YCR3CD0RV.CmaxFehE7y64/ma4x7yjwGrvCS3I.uW
16cbdaf5-ab33-4abe-b123-5bd7eb9f4dbf,Joanne,Moloney,jmoloneym@virginia.edu,$2a$04$Cm262M950DBbvJO9hUDtueMl9SvP1/keQ/HqVbYo5pn5INTVwvOdu
8433d8bb-ed54-465b-b68a-5c2a24b3b454,Hamel,Prandini,hprandinin@slate.com,$2a$04$tU1E5T9zxkYzdvTDW.BIqOg7V.TMMImxKk1XPdF31/lJrFCdGN7ni
09d52d38-1b09-4718-846d-52641948da4e,Roxie,Dart,rdarto@nhs.uk,$2a$04$5z3U2BKQnRlmheN9gHmzZuojEYjuKDMWYb5xEDOkUzXynbtMqMKqK
64435405-d4e3-471b-bc37-ca649ea95407,Tremaine,Donovan,tdonovanp@altervista.org,$2a$04$H81mJ2/p98X0XaGOiDAe..gi71YwlWhxhwZq53vLOVQq0G2HyQHwi
ea8b8e9a-f30d-43ae-ad40-2888e81ff501,Bret,Britch,bbritchq@discovery.com,$2a$04$PSqGOoXLsCyvNJu7LUSWJ.fGugFHKLn8UpM2HDTkEmNoFtRIv34TC
0877a0c7-30ad-4d2b-b82a-d5e7c06d6ba5,Vonnie,Tumulty,vtumultyr@theatlantic.com,$2a$04$DiQ4qlx0TRBmPm1j9r79qOIdXrfhKRUGRLDM7aXEhN8tzFHelFnxW
5e27ca7f-3ac3-465d-bd4d-976a8be08cab,Araldo,Torra,atorras@usnews.com,$2a$04$m.4Q5f5pJMAcN9Qqz9bwKuoPS3IU3eLe8EMQ5DzKiOf4LyO5.VLPq
6e500576-1147-4b44-b611-c7b7fa9a6bd9,Thelma,Oakenford,toakenfordt@hugedomains.com,$2a$04$cpFqSbGe/uflcVjgvn.UXuy3gjBu1kEJQs8TS.j3l9oiea8YwR.Py
5292ffc0-1807-46ed-8c76-084ff8eecd85,Francois,Rasell,frasellu@angelfire.com,$2a$04$W8imWYeawVHR83Lh7feOTelUYeB8VYcfI5.lZvaZPGiME2rcnRRWi
4b1358d8-c3d6-453d-894d-0479e118c07f,Georgeanne,Perford,gperfordv@slideshare.net,$2a$04$lPOLCCMSnC48Bw6M2mqQZOAFq7EAUMNe36MqmiDG/2yyNjo8aqYjW
03054d6f-70b1-4b76-a63b-247cdf5a80b2,Stu,Cammacke,scammackew@tripadvisor.com,$2a$04$y0mI87P.1RrjSUXh71PqDuI6wpXQHOepxsrgaOJWIIA.xbT3o2Gg.
90de76e2-982a-411f-879f-65dd7ef9512f,Nike,Goodbairn,ngoodbairnx@epa.gov,$2a$04$yJepOKvGqNw6PYnDge2PHusHHziyqC5QULwCYER1puvpI95A/I18.
7266abd4-15d1-4c1a-8041-bba00504f312,Emile,Mityukov,emityukovy@imdb.com,$2a$04$i6tb1/6181u8Isvbrtu0t.0MmymtX4brZOduCd8N0AFTOcivYDe2m
fa323609-1a2b-4593-88e7-8c3f201b2bb1,Nicol,Trevain,ntrevainz@paginegialle.it,$2a$04$5Jlqs9xEFa3CpaLnMzE0r.yDW6IAb.mhvZoQ7n5u4sO7W47r8Leh.
c9d0d34a-4722-42e8-bcf4-9645c2ec5240,Raoul,Serjeantson,rserjeantson10@howstuffworks.com,$2a$04$e1bU2oAqzh1bP9MgOZmiZu6BWBDm9TJ5qXbMObwk.HajL3T0qXCRu
4b6bde24-59b4-4071-8009-98ad4399c9dd,Neddie,Algate,nalgate11@google.com.br,$2a$04$AM5Z2Xm2ztTnQXrPxr3NmejWs3cbAMs1/19gjBqO/xxKBTSGT.sqa
109560d5-95ea-4cda-9819-354f8d273078,Seth,Liggett,sliggett12@liveinternet.ru,$2a$04$sHTAgNvBeI7rPabQ/dfJPucx78FgT9KZS6dAJU56ZNMZPaY/sCUJm
d4825a08-1d24-4832-a773-087525f5a9e9,La verne,Cuardall,lcuardall13@amazon.co.uk,$2a$04$Bm9p8H4qiGaMfCzVPSYI9O8eO1BOTY7KtKtfr6x3hpYn4JBqSdZny
75877450-a6dc-46e4-8332-f2949b9ef138,Lincoln,Bauchop,lbauchop14@apache.org,$2a$04$neUSUN4hhr64q0lptaKqP.kBHVSoyzf55VGxdejNN/bqMXca5Ho8C
a0694964-a016-4d03-b6d8-ac0e389031b6,Golda,Gatus,ggatus15@altervista.org,$2a$04$KNYj/8CdPS0whWl3oXw/FegOZJnDY3bB/G2O2m4DLP1bPrBCZ27pq
bd6c59a2-0543-4b33-bb7d-77d230f39a2f,Far,Weaver,fweaver16@goo.gl,$2a$04$OdceVjNSg8mhyRMFekOTdOuxp8yIRSKZY6ICpDk4LfrE4i4HbTtbS
d292de39-79fe-465a-a586-e70c30630ec7,Erny,Rops,erops17@surveymonkey.com,$2a$04$6WMC/ZtYyMoiAHslUbSnie9eGshbnvAH9cKMUUhA6QParmi/GY/uK
e40054ad-724e-4da9-a029-2cc7d834fcfe,Donetta,Simison,dsimison18@cnet.com,$2a$04$roQQgottIiyzXAKSWaB76uz0WuSmvzZtYYiK9/7tX/luYSeu2nK/i
ce32bbe2-9a6a-440a-98e9-853b249670a4,Dennison,McGourty,dmcgourty19@exblog.jp,$2a$04$71xohr9E1EY1qQzgjMWRouTmbaTG7RDC3I1QKmawAviiGVs.ocTlS
9be112ac-c275-42eb-ab78-84659486377f,Boyd,Raithby,braithby1a@cbslocal.com,$2a$04$BmJL2O1ndg1ADyQJATSB7ejLyYyBtB1u49h6acSY7VCsxvmKy/n/y
b2b67402-b771-4dd2-9946-2a0ac4b8f775,Goldia,Burnup,gburnup1b@imdb.com,$2a$04$nYCm1.EmbzE.TAnxFQ38H.o1Jit.vLekhGOOqFLPUTWq.vtYSJEU6
a83d571c-c769-455f-a952-6f77d60a0129,Danni,Jonke,djonke1c@dailymail.co.uk,$2a$04$V1KGNWybr5RdIfmagg8GS.YLL1hwZ5bZblV8mJ/3o5/b9MV5j8Jb6
faf22eea-5dd7-45b5-929a-e7160b8d18f5,Madalena,Rous,mrous1d@kickstarter.com,$2a$04$Zkuve6Yu4bXRw35N.LBz.eF82ljBkYdu740ATjoSpYqSi.z2FgS66
b09ca989-8070-44a0-a09b-4f04df4aa7a3,Dill,Lithcow,dlithcow1e@cbc.ca,$2a$04$Wp./q8olFkfvSMXM8CMgbOfzRIY/S6VocH9LKYqg2Dlrihym7CUHu
0a87d265-73d7-4c44-aeaf-06fea30e0559,Gayler,Palmar,gpalmar1f@lycos.com,$2a$04$C3kN00FoU0IeUucRTKqPyOPkcLWVQ8baa7qLE6MDSIr36KrM3Kli6
368481b1-6f49-450a-b3ea-1ecbda0c3e42,Prudy,Archbould,parchbould1g@europa.eu,$2a$04$Adgw5oBdfIUM7SCXDIAlAeuKjXNjZWXpK.hGouTgQf.5pZV3ctPTO
75812a81-268b-4805-8afc-f40e30e8517f,Frederik,Simon,fsimon1h@usnews.com,$2a$04$XuonytMVDX1pYTDw3dAPFeJQIQoYwbsSNoT9X5itPLmw7wyMJJlaC
7e17de50-b87d-4c8d-bd4d-e60dd4906181,Perice,Pinnington,ppinnington1i@friendfeed.com,$2a$04$/jRrpTlfIT2Ljk4pACJRNuJmcLF/wFCWY3APfzQlmRdZbEHGGw0UO
448bcda1-d651-4d8e-b41a-412dbca12291,Hasty,Grabham,hgrabham1j@rediff.com,$2a$04$M18aOv3jdUxuMQ/dgIPuIOQDB4vuVTkoPT6tY0Z5.tVzrApe3qtUC
726f6a36-7268-4f55-9741-1b1ea4bea432,Gerianne,Davet,gdavet1k@zimbio.com,$2a$04$dZBk0J8ceDQhGc92gQfVteLaEvstWuYqWBEW1/3/fOUSjQhk4mLrm
a10184b3-b53c-491e-8b5e-38ad6992bfb9,Dareen,Abate,dabate1l@over-blog.com,$2a$04$FmIXk5uDyd82OUQSOKPurumHvU76BcmLmg5MDK01/Wyxuni8Butx6
b9c5619b-d3ec-48ac-a849-ea956f9036dc,Merline,Ronald,mronald1m@dot.gov,$2a$04$D7rrNkwb5hgNxDjSHmoTdO6GpPQT4O2QtEE8ES0/g0kMDeZTP.1Oa
509de870-9b42-467d-a93f-fa065240928d,Job,Woodnutt,jwoodnutt1n@businesswire.com,$2a$04$0pawtWXNzLOMA15Vugljj.vy5s.bKbg37hwN92nSfSukAJhTziUrS
a0cfadf9-bdb0-4622-86a9-3701d5cfeccf,Daveen,Brislawn,dbrislawn1o@tinypic.com,$2a$04$2onroU.XlEbdfAmSbzmUbuPI213bHudfROk5xsdyVFulYWWXf7rwG
8c47b791-8196-465f-acf9-9c253d471bc5,Josepha,Barks,jbarks1p@typepad.com,$2a$04$eniTiWnXKch907TdPaSkmuKoyMkLqmwPn3RS.Gd/AMGRXFwqHL/fC
49f11319-571c-4fa2-85b9-00d5be137cd4,Auberon,Yukhnev,ayukhnev1q@si.edu,$2a$04$wYDugEb4CbEUQetQECvI6eWIBNSje4Pa5iOZfNZH7J2vfTvfc8xmS
0502e6ab-fc79-4d64-a62d-ce79bb76c864,Laurie,Jencey,ljencey1r@google.co.jp,$2a$04$ENFXUQ98e74qFpIYoLSWrONjmZe/SUohZ4kczOFtJoKZ9QdUR9sii
781aa969-25c0-4d2b-b974-2d32eb6bca3e,Loise,Semon,lsemon1s@wix.com,$2a$04$Ey/5y9SOzZ7IutSZeCB4SueS4vM3gaJlmp.JGiUHKg7qz8taS4L/u
31f43512-dec4-4102-91e4-02e847a2e08f,Weider,Clausner,wclausner1t@java.com,$2a$04$AnHcoKVGLJA8eFIanSkANOAP9zKsl/sDVCCsNR3rE3wOLuW7vOi9C
2da4a4af-1c30-4924-82fd-80a358f2a59e,Ara,Butters,abutters1u@yellowpages.com,$2a$04$0Bc2vQnTCp75CyBts5grj.RBMCa9gr9HfrJH2BgGEj1bKexe21vXe
5d7de0f8-ec07-445c-b061-1beaa8f397a6,Seamus,Gergolet,sgergolet1v@google.co.uk,$2a$04$LN3oA.Du5sP3uZaIOzbhNOU9XgqYjwd90sUEhxbyMZ5L/gQDrf6AK
fa7d3a14-b953-48d6-a93b-3cde7f03e07b,Minor,Kidston,mkidston1w@prlog.org,$2a$04$979WDHqnUXYvOlAVS4ucSuH8g5U6cpkLwFcTwN0AqL7T8m9IQ.QAi
dfe645b7-2844-4ce8-a912-628960a62e06,Jasmine,Connew,jconnew1x@msu.edu,$2a$04$2JcgbV8tgL3Y4D53MqlWye/9X9e6hgxrGTx2fhmJJdH0SDeNKnF56
e6630a86-6cdb-42a7-b069-5ed5eeba8c7c,Shep,Fountian,sfountian1y@reuters.com,$2a$04$OljF4TsR2Q/0yr/pehzO4uVkxc68Uaas3cC5UQ.g5ZFX9r7X2fMbO
5fa3d008-624d-4bdb-bf05-e680d71cf246,Lurlene,Bragge,lbragge1z@blog.com,$2a$04$K2GxHD/YpiauV0SILm7pWO5VcL3wfFoq.iyahUOkClOkTDJaUHxXC
06629a58-29ee-439c-b004-2e3ebc0483f6,Barnebas,Vero,bvero20@rakuten.co.jp,$2a$04$5591J9fGiFHFHVC3EhoaUuG0X9tjx0M.KmQnpCHRuSuy/F8PXN/YW
395c2ecb-ec36-444f-9116-752de75bbe22,Elroy,Gibbon,egibbon21@jimdo.com,$2a$04$eaaK8KykTkWQHjiDRU.FZezdyK4zDxefm8e7laYs5zUsKlhlkYDqm
4748eabd-5267-4830-a878-0077740135a9,Tuckie,Cheale,tcheale22@phpbb.com,$2a$04$Xyo5yPgng3MPc7sJjveX6eTIkpwg4IomuhSjqWbifpvLGprMq678G
b1e7ac6a-354f-4bad-aef6-708b1258f4bd,Zachery,Brevetor,zbrevetor23@cnbc.com,$2a$04$GFdrjs.I5PyEKQ3zwYCYYu89prkuWLaYMzVnu/DZDKiVCl5cxcmgy
42fe2592-b4c7-43ae-b00a-bb4024c401c7,Bekki,Batistelli,bbatistelli24@digg.com,$2a$04$SPyC71jooMDWgsyC011cweorIOuJZCj3PMCRk20wG9CKnrp4Rvl6m
6c3ca6b2-bf3e-48f5-852e-003267529b32,Marylynne,Lodemann,mlodemann25@sourceforge.net,$2a$04$nLdOPwcoZXXWEb5OyS2ud.WaX2rVLWgGvI3xCMvwBL6YiikDuaDZq
f3b51179-3727-4d6f-889b-4b8efb10d4fb,Yorgo,Treweek,ytreweek26@technorati.com,$2a$04$4IKoCsGVskI6olGgQTTP9ubYFE8imcVQQtrNztD/Te1vwwLwfXcD2
f6fe7da0-2858-43e2-a9a3-db41cfd431bd,Bartholomew,Mc Gorley,bmcgorley27@telegraph.co.uk,$2a$04$7QAJlzblDnyfwhfvoHhKbu96aK40NTFGjbGPYSxJ2feQXWgRMLFXO
97237175-e85f-4b74-a2fa-3c0d72d86a78,Kendall,Willimott,kwillimott28@histats.com,$2a$04$it99tYWp7UDLhlLf.vs6e.fgyNZLdMHwPvCvoyTfy4fjpp0yhlHe2
9e1a195a-8367-4382-9026-917034e2cce0,Philippe,Bovis,pbovis29@bbc.co.uk,$2a$04$uJUeyL6h9cT/j548nFtKju4bd8wAG6cGEsdvDf65F0OxYCQDmbuvG
d1f433f6-7992-41ca-9ee0-e813e4c71185,Ashley,Orhtmann,aorhtmann2a@dailymail.co.uk,$2a$04$mmUUtf3hkEYjv924EFPUuer3ZVv/hrhpGlJveD1HPT.vfcnVg6yJG
87079c8c-81ee-4957-910e-8ac193c67feb,Pattin,Fockes,pfockes2b@surveymonkey.com,$2a$04$gVGlyutqXEh/Dpz40LNkz.tRcPztuvEQB45oY/cynCDlavQLCdnKu
c2cf1e55-6605-4bc7-a704-2ad95c6d69b4,Jenn,Pietrowski,jpietrowski2c@china.com.cn,$2a$04$HMmmp4hVtkoHOLoPwV5paOFTREAwjzeZZcy0KwJGScBwcj8feJAGO
be49cc15-53ce-4694-be05-d226732e69c6,Torr,Cowdrey,tcowdrey2d@reverbnation.com,$2a$04$XCW0K7c6EyGDGx18sFNa1OwEDYTJWG.8WZ3MGiSt7rvni6rJbqGE.
4480241b-46f3-4cef-b042-7b830c24314f,Tobe,MacGovern,tmacgovern2e@google.cn,$2a$04$XWxMeGLAuyIEnMtxgwEuSODMheLBo/yEuCIqB/2O9GsNpvcODwpJi
a897299a-e35c-41bb-8a59-35177d0fb968,Richie,Stribbling,rstribbling2f@deliciousdays.com,$2a$04$Z0ppmFEWfH8zVM8jC56vge6FGEU9WhgGkckIt1AfmCxJen/krd0nW
0ef170aa-8186-4590-a2d9-189cdcbfe1b2,Rutger,Cole,rcole2g@dion.ne.jp,$2a$04$DWjHMKOUfkA6.YzQY3TKFuJ6h2NnHKIGKS0836SGHHTRh9u5EbAFK
c91d1802-7e25-44dd-b83a-24ad5319d754,Rosamond,Michel,rmichel2h@tripadvisor.com,$2a$04$Y70l6/bnUVAqJDvAcREZn.Bp3bvU0.vonxxcblfnMogeu69n0gCxi
c1779f20-4268-4ca5-a728-b2d6a976eeb0,Waldon,Chessill,wchessill2i@webmd.com,$2a$04$SY8Mhe0dGJapWVgdnbPhWuUki8LUqt/AvSETADKviM9NBrFQeN4IO
0b450a50-4e68-49d0-809d-7dd8e7f91d29,Jojo,Davidde,jdavidde2j@mtv.com,$2a$04$hIOIp3cHutIYKJu0KZLR1.zuAJ30VICb13iy34tf0WUTv2zr3gwpO
5eed937c-ee7a-4b5c-9195-69ba7d56d955,Timofei,Dmitriev,tdmitriev2k@reverbnation.com,$2a$04$xX3M7MjCr951Dwt1Ni5QQu5PgGPElFiZX0hUGKFlC9fr0JP2gEGGm
15554d51-b0e4-4187-856b-e1997cabb5e4,Valina,Vassie,vvassie2l@yelp.com,$2a$04$1PfM0uMROHs0CUS9IrGMwOAIkoVYv5N1SsHXctal0ZmbZNMhIwwbW
f9301e24-af17-45fc-814f-94099d578db9,Gottfried,Koche,gkoche2m@youku.com,$2a$04$udutp0/BcLnXTKoFOqc6DOzpZgF1AwS6rBrWud1d3S9zRSQWjcOgm
8d9379b5-77ee-4b5b-8ee1-0d2495ca3d98,Zora,Cordelet,zcordelet2n@cornell.edu,$2a$04$10LZrm2KyOSAu/nS3Oizxed.ph84zqCgJ4jAbO1efWWUrEV92P9Ny
ce8ccf9b-5337-499b-8d70-af73b9d33924,Joice,Moizer,jmoizer2o@prlog.org,$2a$04$tSlv181zASWZhSJCJCit8.XrWD7mSpGF388qAPtZU6.hmvOVfPFvi
cbe434db-1428-4095-b69d-18b80de8c437,Corina,Harness,charness2p@ifeng.com,$2a$04$gHKRX2hpwuC4AdsaVpGW0eIGdqXUi6eD4UZmuOG3zhxkpAKTa0Dbq
84236a25-f437-4b8b-806e-b75c7ad5496e,Loralie,Bryns,lbryns2q@admin.ch,$2a$04$mgcrr5cBWqlqhufdz9T./OHqtyuj8T1i8KL6IKzQNbD0/NleoGLqm
1472e3af-16ed-4696-bac3-fb32df55eafe,Jeremias,Lindwasser,jlindwasser2r@walmart.com,$2a$04$G28tZH1/GA2pqWJ2fORR0uHrXt4g5FGIGeFwRTrZDHk03Mop6CrVG
e20ccd57-fb50-4186-8eb3-030c7e61b4e5,Pamelina,Crowthe,pcrowthe2s@goo.ne.jp,$2a$04$wsXDzRqAJ545bVL4lEp.Quh9Ee0aoP4RvXKl55SLgLp97x8KDMtDa
432156be-2271-4fde-803e-fdc30126cb1d,Wilfred,Duffil,wduffil2t@delicious.com,$2a$04$5syk45kgGenGZwCYWi6d2.FR0ri4KbfB1OGxyHRv7sRLgJ/iFi4i6
1b82d096-4b11-44e2-bd53-da8b3a1312c5,Trude,Pagnin,tpagnin2u@fotki.com,$2a$04$4jOWM4uhA8vkKk4K6MjcpuJ83Oxq2A9GUIPG8aY9fdQhMJSrVKlAu
7f212d0a-adcc-48cf-97e1-54c9ff04f0e9,Dunn,Baldoni,dbaldoni2v@mapy.cz,$2a$04$d1yQvQL2mJ3AjiaidSXh2eMMwMqjK.VgNIBZuiGRS3QMyZkQgktxG
e097eb3d-5192-4e03-a8a5-462f8bb0ca25,Cam,Haughin,chaughin2w@npr.org,$2a$04$24QckFOrCDfvoYg0fAJaausT7cTAtWAAWVhAhhAAS39mM0WLeBFla
ce7cc03d-81fb-4cfb-88cf-925b69e57941,Susette,Fishbourn,sfishbourn2x@creativecommons.org,$2a$04$Sw.dZR0zhhkJ2Ex7935hyeZh807qFCREYUW4MyG/7SW7AI8quIq2a
45087bc4-a466-4e7f-bcae-d2e805b067cf,Kynthia,Edrich,kedrich2y@amazon.de,$2a$04$6DTpGTmUBCmxhDyp9Go9wezACLXfBiwEgekvuSoKhZyEF.NyMFp6K
b974fd49-e023-44b7-aa79-b04ccf05c910,Ogdan,Crecy,ocrecy2z@bloglovin.com,$2a$04$r5LxiG.UQASF9P.zgDYBTuXJA0bODdnTWOL1h217C6J0jHx9sMdW2
ed9123d9-9e69-4f0f-8ba5-363f33b2a8c1,Cally,Tomson,ctomson30@hp.com,$2a$04$JsS5FOuteVwrygsDuiy0Fu0vyq4mXyUnLHApB/H8yqqGVRiuKGs8a
abf6f35f-0503-443e-87de-36a0f75730f6,Goldie,Brecher,gbrecher31@360.cn,$2a$04$q4.p2VnTJiILRexRsiXXae/5gUC5SL1S.POck63wN9RpTZAL/nt02
a4caf645-22c6-41d2-a5fc-e143a65a11ea,Shelli,Durbin,sdurbin32@quantcast.com,$2a$04$3FGUHiQvV/JIc.CZ2vRzLu2duYMZW6/XAGHA6VZJ6HUs9BakKbBmi
0551f0dd-0b24-431d-9780-d75fce7fccb5,Tessy,Crosetto,tcrosetto33@t.co,$2a$04$.c6nTNWni9ivU8ZxCMIhHebE9zU94aVXb1bL1bYTh/apX5frdueGq
e73ba217-beba-4f67-af45-34caba08e161,Harp,Dulton,hdulton34@hc360.com,$2a$04$RkxiD/cHRsAR1.8d1C/Nou59SAdNw6T5.I7AgK52dMWZMUTGs9fyO
e30af3f3-3729-4573-9abd-c80979c14b7f,Ettie,Bagniuk,ebagniuk35@ed.gov,$2a$04$PbUEnO9LxZ4IgYURt2eFju3gw3rS.8kH/O60Nccnr12WGLqXAxqO2
99f81521-1fdc-4ca4-a3ab-1108bd60c73b,Jannelle,Parkyns,jparkyns36@msu.edu,$2a$04$AMwEE1Cd.Bdiisc3wwrol.YDQsgfU1/XcYGjcS3mqOB8lJ2CJA/S2
08a2278a-5947-487e-88ef-db746dbfd86e,Tilly,Jardin,tjardin37@columbia.edu,$2a$04$.mxZL1IrV0gqmpfaL/lYyulvASn.cHVI3MlSJxdr1gECXdfKe4R3.
d985a688-1b76-4bb8-a313-0e5efde08434,Jori,Roggeman,jroggeman38@t-online.de,$2a$04$aSHYvJa0UiHhwCI.iZD9eeOKr6o291H7t9aljjqlnmuQh2KluHHS2
d4940e6f-f5e0-4cde-b8a5-8a03ee7b4991,Danyette,Garmon,dgarmon39@cbsnews.com,$2a$04$rx0LgOJbk02rJYXxcv50huamp9HUcAOAivpc/Lv.kbki6fJeM.FEq
58870202-3175-44b5-9efd-15f33df88810,Cornelius,Braemer,cbraemer3a@infoseek.co.jp,$2a$04$pFqW9X06W82I2IqhTGLOg.TTp61eZoi39nDbj0kBm2j1BPakRYYJW
b6cf874c-9ab0-4990-b8f6-c9cc141280b6,Lanae,Landrick,llandrick3b@cpanel.net,$2a$04$0GgpvlgoE.szJPEZp1MxhehlQanSb4ehH6YQhNLj1frpvsxfhx5XO
6ae931f7-e169-46aa-b7bb-2fea34d3c17d,Melisse,Pooley,mpooley3c@sfgate.com,$2a$04$runXm05AhQYj.zcpfLyT7uIbOwMGLvP2MhW9ZbJu8J3INEg2SuBry
2e89e660-8fc8-4deb-92c4-b38696bd0f10,Somerset,Dimberline,sdimberline3d@chron.com,$2a$04$BsETi4kETxMzPSOjVHRlOupDdxyz9Z4UcLvXLcACFJPJLJMj.6eB.
5e31e4df-68d2-4451-ab89-0e6310dc9955,Georgie,Noriega,gnoriega3e@clickbank.net,$2a$04$w8HW1bFYA/adILW11q4wPu2de/comSNBE.VVd6rl5GJ2yOd7NmO62
bdeb2578-72a1-4c47-92db-b4b60fc1136a,Claudine,Bleiman,cbleiman3f@admin.ch,$2a$04$joIR7fj2pg96F4sSJ6TicOLzHQqu7fNx1Mg0JEGcgAscMCGX0A3AO
8ce286ea-2283-4157-9b5f-d6f394b73bd2,Berte,Cicero,bcicero3g@opensource.org,$2a$04$fgaypvn/RbxyUEzETT7ZteUY.0eC6mb8ZUe8tl9xf0N5j4/H0eFeW
241700d8-8060-4163-acdf-31a7387d3d1d,Kara,Braunton,kbraunton3h@aboutads.info,$2a$04$KnUTeA2.KhymcI24d4VJfO1Wx77rHECaFHF/I8anvxN53tmpK2kg6
ea1a1393-0654-481c-85ba-813617ec9179,Janelle,De Bruijn,jdebruijn3i@webeden.co.uk,$2a$04$UTrcqFKI7NY6fqwlyuZkqOX11QPJRZy6Xgua3BsTV.floZ2Ut4Iuy
68ebf88c-9681-4406-a266-8e92aed3ae55,Adel,Fripps,afripps3j@oakley.com,$2a$04$wusMBdW1OjNxOKIjPbwtduUfFp0j78N39hcB40vTPrbhYKbR1g7gG
f77f1834-6d54-464c-bbd8-87de4413dbb9,Miof mela,Jedrych,mjedrych3k@ucoz.com,$2a$04$O8N/joVY20VSIasN2wOWOeOeVMH4KJrmOO0p7.ypIKDlW4v7Zape6
a08f77c2-94e4-45e6-9b41-08a479eb1c56,Emelen,Calvie,ecalvie3l@hud.gov,$2a$04$ivPDdmJPB99NiazvFzsGIODaFI7I1f1nPoXB.B2EqsE3PcrHxgZwK
e67f3a97-1033-4b1f-8fb0-9b62f7df74d9,Merrili,Hamber,mhamber3m@npr.org,$2a$04$Blpt96N3MDnFIpn2rsHZvOC1GoRGd/DebJGJBEtzuFm16VhMvPtnK
cda0e791-00d3-45fc-86f5-ebe64f3d9fe1,Catina,Linford,clinford3n@networksolutions.com,$2a$04$tD1CdCarfpiWQSNeV4EDwevA21oa0BGqF8ThnWe8oGkbo4sJQ/I2q
ff67696a-ca11-41a3-acb8-57ea263cca99,Hildegarde,Dohms,hdohms3o@sbwire.com,$2a$04$CY/sAI4rWXIFbgb6cHQx4uDQmK08N8PvSoCy8yucF9cKk8QZdexaq
5a4a627c-74fb-4d45-9079-ca26412af59a,Giselle,Chastelain,gchastelain3p@godaddy.com,$2a$04$6XwTr7CLk6KhhjeGDhMXK.oWEZnJ2O25nAz8psah35DWz3Mv3DJwq
1530a736-b08d-4589-8975-b097d7b9fddc,Gennie,Galiero,ggaliero3q@google.nl,$2a$04$YsthhVZCzzP5iaPoq4OCWuXBUCUC5IxCe9TnN5vKQex3hhAJn30G.
9b153cda-fe5f-4f42-8d0c-bfd58e988e31,Beverie,Stoffer,bstoffer3r@samsung.com,$2a$04$ylzZb/EGWkExpjnVw03nVOnWCkTR8JhdcSIlLX1DKlk.GKzIw0iqG
1a9458eb-06f3-45c8-9097-4585d5a35007,Candide,Stockhill,cstockhill3s@soup.io,$2a$04$xl4nHAr5UmyOW2vRNjxA8uXEH9W1VdZuDH2AJgFWgnhIWdlFb4s.m
5200d6dc-35fa-4ed2-9ab9-d889148e9f4f,Shina,Andrich,sandrich3t@rakuten.co.jp,$2a$04$ib3Iaj.9CeDRzrrxYAM8zuHr.Zg1k5CA1V551oNe8FDOHEaXuPOzq
f8a4e924-d96b-401c-b544-8e099b422f02,Charlot,Camlin,ccamlin3u@mysql.com,$2a$04$JgL0jeFuy/55wxD2B/aQNO3p9JLv7eYzSlc/0qc8adR8cOVn0ee1i
40525bad-8596-4df7-98a4-97c2cec1ef42,Liv,Crenshaw,lcrenshaw3v@cmu.edu,$2a$04$GpM34JM0dvkzb50IRX2x/OCZfPPrCeBGuVq2e4R/XCFjRgzP3MSWa
2a09f706-e6f6-4e29-8e7b-d7be04421ac4,Gaylene,Golding,ggolding3w@wp.com,$2a$04$uZX3p5yQUNlEOPfSbwqdkem/B6eKZuLIPgqkZT5GVoZGBLUza.uz2
ac7bd1cd-e06d-400f-bc25-bcd797967ca8,Leelah,Aulds,laulds3x@slashdot.org,$2a$04$ZiCNZeeijXH4Aa..FcLAueY2nO.lnDojOaWln4iBE38VQwp/B0eQS
766031aa-d85e-4fea-929e-95ffe7ff252d,Ainslie,Porrett,aporrett3y@virginia.edu,$2a$04$UvJH7fWu6qM0QvA6AfQQMOm8VfeNOhvOFy3em33cUaQLLvBoY4dLe
f4c3b18f-b516-49b6-b41d-726433c74860,Case,Lurner,clurner3z@tiny.cc,$2a$04$jrZ3jq7maczLzR4lE/9iSeExH5Sf6nTq830MFSXPkRhRK9iKJjHza
a66090ac-a0d7-41cf-8875-0c063266360b,Thaddeus,Meaking,tmeaking40@google.de,$2a$04$Zv/.chL3SdjnOK5R9JDYeefxPuSgt.8Ds1/UfIAwE6WhDMwMkOBXa
ff1ee236-53ee-4fd2-8445-e1c708f4f8aa,Malorie,Edmeads,medmeads41@mediafire.com,$2a$04$2Oq0buCs4kYNUqx.tnsHhOhDT9XyPQ9ChPvPFxBWZECGjasWCGTMm
9e583a62-b84c-4c77-93b8-04675a1fc0a0,Atlanta,Nimmo,animmo42@ft.com,$2a$04$1UhoprHzG7QeWBA7QKtfNOx6qL9yfpJ3EiAArqUap3IpFbYCgXUWG
a19bc269-8e9a-4e0b-8648-c510c4b42a40,Charlean,Congdon,ccongdon43@home.pl,$2a$04$W/rWrxLnz9I7sZO2eb1kt.6s69qmP4Wdx9O7FZCdSvTgWZ647GbaK
bd7ba875-adbb-4010-8880-27921437409e,Dotti,Lightowlers,dlightowlers44@blogspot.com,$2a$04$r3iueApInZB0sTjGw.dv7eN2RKhMoRt94xI8Y0GG7ZjxdjJezycCO
34559dec-37bd-4939-afe9-71b5b196ba6c,Muhammad,McGeachie,mmcgeachie45@google.ca,$2a$04$E5ycY1hN5gjj5aGmskmvi.pAIVuExILV4lSfJ.ckAIrBaE17D31bi
274764bd-9762-4d33-b991-f5fcf29cdbc7,Fernandina,Langsdon,flangsdon46@yellowpages.com,$2a$04$ohfSLmlQlaEE0yZzHEn.YOABr38BwGktqVRoVQ3nEgmwv4mzqB/6G
37a09e2c-aa42-4561-a55e-611385678951,Marysa,Grono,mgrono47@typepad.com,$2a$04$o5ftrgXr1wnWmtD6SzIJ6e1mAeoWwmTECEElX0K1ZFzC40Wy.fohy
34225f01-5f8e-4ddc-821c-f7ebb0642a5d,Jean,Gorusso,jgorusso48@storify.com,$2a$04$Q4JXMOzLZu0AQfxdKjLRROcXBvOPWNVGgpzf1pgaY4n9LuxQqB2J2
7e535c45-d0a7-4bc8-8b79-0a727d22ea77,Seward,Harriday,sharriday49@alibaba.com,$2a$04$3OUjhD0H2wbN6bZUF9FPWeMxAfE9RNdRpXAOiZ0T.tA8mUwUQSmsu
79990979-ced6-4da0-8dc4-58f51ad6b103,Gage,Careswell,gcareswell4a@wired.com,$2a$04$7oUbRTUtc/HnBLSpW1WAi.byvJSKreKfeQyfX/bvgE1QJ88W3egz2
f05f28eb-fb3b-420f-bd5a-97b9c92c244d,Emlyn,Haighton,ehaighton4b@cocolog-nifty.com,$2a$04$JBvqCgPRj/ofdqFbKllGgOhuIuH4A2rOzWYhVF5.ytYzTimzEw1Nq
fe9ca9aa-4acb-4265-85f0-398e460299b7,Georgia,Spilstead,gspilstead4c@apple.com,$2a$04$tz6.qucbBtq7X/853JPSu.eRvm367M9spcT09gW/QZxj8mxFq5zMe
b1ae78c2-418e-4e5c-87b2-594798f0180e,Lyell,Fleischer,lfleischer4d@cmu.edu,$2a$04$H5AgQzw/N3KLQS6zoY4xDu7YcDeyTvGCjDp6opzjrKSEKq4txZ8iG
ab3ee703-22c8-4331-8212-cb1cc9ee5faa,Gabey,Tortice,gtortice4e@freewebs.com,$2a$04$w1hdI346KV4kS3amAV1j.OL/oXBnmoeZT2pyGOnLEef2P7dJxjRQu
b98e1e27-b446-40eb-89fb-91bf5badf798,Gilbertine,Howlett,ghowlett4f@oracle.com,$2a$04$2Oda6Jod0bfZtT/DHWQAKulANQBjTtC7n5ji8j27/0FR9oWoJuUNK
35a524de-4e3d-445b-a839-4d5a1c1dba14,Eolanda,Daintith,edaintith4g@acquirethisname.com,$2a$04$GfEVp8CJ83gB5Ew8O/DHDeD108feug16.zg.UC6AWdnH7WqOS8tl6
7ab1eac1-9aef-4183-97ca-18f554a8e863,Renelle,Syson,rsyson4h@wisc.edu,$2a$04$sVTxoKZnlVwT9jEFsGKwHOuDPuIBiDHvz/ysxnjFdDqZOOCnOyYha
b1603fb3-33d0-4b04-9078-e80c7d38354b,Devon,Proswell,dproswell4i@nifty.com,$2a$04$pAYRe5/VfhCTtrUecHr97.P7CCPJgyS2rAJdRd8uBZ8XHATyfcoVC
e3916e16-b912-44ae-8068-16979e5f11c5,Patrick,Warke,pwarke4j@unicef.org,$2a$04$QjVjOWM0AhNsiDW4aYVm0u60gcMoXVdqBt2QNO/YBj9Xo5IY3g39u
55f23590-78d8-4939-910b-98e422132bef,Leonie,Pembry,lpembry4k@wikia.com,$2a$04$Rb04lBrTtv2rt83k830XteTgaD2qu2hcvAB8osl7BAKMAIf34NL8u
9fc46635-f87c-4f5e-9054-c9749c108232,Guenevere,Bosket,gbosket4l@comcast.net,$2a$04$UrSbzXYc6tl7gSvAOusdiuj1ig0wEcJDIS1ePGzgmqhW4sjxIQonO
bd6e7933-db88-488f-b8cd-103ed456bdc4,Benn,Stoneham,bstoneham4m@cnbc.com,$2a$04$m3WQxrSEhuSaFoFecLocVes3W.H5U9PDnlEe37jkrUOKmGbwVMjYC
66ebe69c-ea12-4c8c-ba36-35e43c3021b9,Read,Kyne,rkyne4n@dot.gov,$2a$04$CV5LVgaOauUv1L8madw/W.xXM2Bc.z3r6Fzmpy2mlsMWx3SDV9UsG
344d9e71-394c-4d18-86b5-e3cc1232feaa,Melony,Werndley,mwerndley4o@google.es,$2a$04$aT7ZXdXKKjHqa6U08GFtxu2zh0XspgDpuR1Awp.RsU4CfN3ZW3jb6
f73c8443-7856-4db0-9a7d-583e7fc258e8,Lonnie,Hedworth,lhedworth4p@cornell.edu,$2a$04$hmbJjspJCJoBTdfS5oo5qOUzM8vHCj15tNjnO/dGCghmc2YY.rwZ.
c2f3f61e-4ae6-4992-8971-daadcdb163e7,Grady,Angliss,gangliss4q@cdbaby.com,$2a$04$46dO9j76HwRHMEVPxPFLb.xIgVUNpbcLyHakIUmJPJS4GIzpkJfji
e698482e-4215-4b11-b1ef-7258ff96f992,Katine,Batsford,kbatsford4r@paypal.com,$2a$04$ATFQ8L12G8WXtXFBtOllOuhU9OEGPcrI0CtfZEmeCbViAzsVdnPGW
07707a24-005d-439f-aa44-c77ffe7b9adb,Harwilll,Klosa,hklosa4s@nature.com,$2a$04$aDFbR8z0SOrUcB/lNUhpN..oG09PqeKOZR61wgGxdkkxukp7txJ8S
47c0594f-e6fe-4058-a232-c1300033c322,Dulcinea,Helwig,dhelwig4t@marketwatch.com,$2a$04$SJGbuFZWzXzsUGfeIsbnQ.MFFKoEiOXaJ2EIMgOJK3rnd2STLwkqW
a8c4d84f-c3e1-4f9d-8d27-594b3d2c4164,Kennan,Prudence,kprudence4u@topsy.com,$2a$04$XFIgPhq745SMwjN/SnMmkem2qr3bwjhvmeQmaThFMak3hSq9vYRF.
f8b38a06-8881-4a99-97b2-fe53281ad326,Emelita,Glawsop,eglawsop4v@comsenz.com,$2a$04$opFA0mcn7GN5DeMutI0lSOzVvY3XqSycdCBbA1IgTS9aRF0fkTuN2
61a4ac23-57a4-4311-8302-6d8e26fb028b,Margit,McCooke,mmccooke4w@nhs.uk,$2a$04$gQquRWV6UfIkjeXD3aEphOJu50ChbedgmKgJlNMXe.EAjWqzk3t/u
4fe43dbe-6b42-4ffd-9512-48c8bb6fb4be,Hymie,Tarling,htarling4x@redcross.org,$2a$04$2RPiRurQVW4C7leZeJ6n2.AStEqWLZiHw9tXNW/4iX4KIkDaKrpTm
f1132d5f-4959-4990-b614-9753d5f07f9e,Nichole,Chadbourne,nchadbourne4y@sogou.com,$2a$04$FbXibplc.k/GCXFUNwP98eg.Zgfs11RHRlQ3kLnSRm6Vo8LsK4oSK
7f7177dc-6f30-468e-8349-12f8f6a55aa9,Nancy,Kalisz,nkalisz4z@dmoz.org,$2a$04$jwMXwwhLim0OrX2fUEPbF.qYa3dAsKJ58.NjfNKeGKG.GRx4dzTdW
a9358a50-d459-4723-ae87-6cbd7f06d0f5,Brandais,Naisbitt,bnaisbitt50@dmoz.org,$2a$04$mM80TBZeTbrQJuGPRdBwIeDOuC5Ypj2ITZRnNgaK2z3Wha0ADZgeq
72f1d39a-0cf3-4fe9-9e0b-e55eedaf9044,Maison,Jeskins,mjeskins51@businessweek.com,$2a$04$61i4glSMxSPcgpr0ztTTHeMmtEX2kkcNm5dvftMOvabn42M0wAg5S
92ca196c-ad64-4cde-80c0-469e874bd94b,Chico,Bow,cbow52@nymag.com,$2a$04$9O9K8MTcppO55Q.OSLxfZuN3i/Z.AOOyk5J2MMKJAORjJ80OomRTC
f1aa88a1-cd57-47c7-83b9-e00d8ccb1c04,Margery,Huddleston,mhuddleston53@feedburner.com,$2a$04$hijOiQYhirqpc6KX5CRj3.HNvYufRLIGGDWTIUN2Vg1kAAmCGbVxu
02358052-e8cc-47ce-ab47-0e926549907f,Toinette,Nicely,tnicely54@google.de,$2a$04$S.ayjBFjNb1izXaoG5Lc1eBqhQBsKdiNN4UeWIWuD3CN/NeVKD3Xm
ba785037-cfdd-4603-91c6-cfa1beaf2024,Karine,Glasspool,kglasspool55@friendfeed.com,$2a$04$bHN3Jb3RXIOqam9oZ4lAP.BPHEUKSARqGYQDroZbmtQCKtUgE8/9G
0c303662-5bc1-4a1d-bb11-5b933ac67316,Magnum,Frosdick,mfrosdick56@wufoo.com,$2a$04$cIB.4VUS/pvaKO1odYBAROTmvBciqg2EBFyjpcC6kbG8x27359t6a
613223cf-bcf7-46bf-a219-b12c0612b859,Shani,Boughtwood,sboughtwood57@ucoz.ru,$2a$04$uhPAP2BcGk4Uc5lWdN9gqOYz0cM9Zsavbkl55jl1Q6VMH4NB1/CZG
9419e250-8ddd-49de-90ff-5fdfe4d273c7,Euphemia,Salerno,esalerno58@etsy.com,$2a$04$Dmqro22d4qegQxCJ5n3Bwee1rJeKvDLNV5Ua/764JJ1/63kJbWmZy
14403394-5fe1-4b59-8476-9cec72a5e04d,Elfrida,De Mattei,edemattei59@t.co,$2a$04$Bd7.qLo8HyhizTUYP8u/XOJXc3ELfdNqE99BnwhAOJ3VONF8vgJuy
51d08b47-c939-4daa-abd4-bb811aa2dc92,Barrie,Evens,bevens5a@baidu.com,$2a$04$vpDv//ewjLHDzX.XRg0GeeUA2aiydzsFvVg/zyw2RykHhckfk7IXe
b0fbbc70-74f5-4d50-9d75-7792ebcaa102,Zia,Hurley,zhurley5b@indiegogo.com,$2a$04$joWPOk5XSq1gd.3SrQalcuhakcdFFdME/MRh93bL9QyvTTAuDZZqS
29259811-ebb3-4e23-a885-7754a6077c70,Caldwell,Foard,cfoard5c@parallels.com,$2a$04$/.Qw.hG7dHib2vKhhzlRbuVJPmAU8E9/sHC7hqike7G6F5hjbMw42
4633aa40-a32b-43fc-b08f-0b4309422c1d,Brianna,Riceards,briceards5d@mapy.cz,$2a$04$MJyIwZdaX3vf0PEw6xZ17OZYIZg5aHE6d58hXki6awPWRIgSMtu3G
c4894bb0-a562-4b6a-bf96-ce65f9f5fffb,Merle,Methringham,mmethringham5e@ox.ac.uk,$2a$04$4pALBXufcnUkN3Pa/NgaCeqanb3rCT2r9V6MyzC7/wSuTdbuLHhTG
c473879e-deac-40cb-8f1a-98f82c61af0b,Simonette,Aloway,saloway5f@github.io,$2a$04$5ZE0/W8l7U6t/L05BbZnZ.hQs5OnzkOrpGqRo4Hx6lnxHmhJtjz8q
632b476c-daf2-4b62-9aa6-f415d9869803,Gil,Leaf,gleaf5g@illinois.edu,$2a$04$dD04fpCgrz.vsvTrQgJaEOQrN57tvVtKAIYUWwubl.4415cCC5E3.
8fd51798-073e-43c2-b47a-f25093e25c96,Emelyne,Peperell,epeperell5h@blinklist.com,$2a$04$3GcC4h21NXYwjPyf36k5WeZvjKkOXdAhL2ELupZ/eY2/jAAL/ceOe
e62fbf95-2ac3-4191-9375-59de2a9072a1,Durante,Schimoni,dschimoni5i@psu.edu,$2a$04$Mnmj5f6vw3bQ9kFUhqO2/OgUgdsJqVmg54ADeado3N3qTY.YU0Re.
c7cee7a0-55c7-4543-825a-d0ac247ab982,Mozes,Doodney,mdoodney5j@cmu.edu,$2a$04$T0abhEdozEOmG/JgLzr3qeVsLj.EFxsp5c6j/NRkL2nU4sYOzbClu
